2014-11-02 08:00:00,161010,"[u'new', u'facebook', u'posted', u'photo', u'video', u'@youtube', u'my', u'from', u'liked', u'out', u'@youtube', u'video', u'liked', u'from', u'&amp;', u'my', u'with', u'photo', u'posted', u'|', u'my', u'with', u'@youtube', u'that', u'your', u'are', u'we', u'apple', u'video', u'&amp;', u'from', u'my', u'buy', u'song', u'last', u'with', u'please', u'us', u'help', u'most', u'my', u'with', u'&amp;', u'apple', u'out', u'your', u'that', u'we', u'check', u'me', u'apple', u'with', u'we', u'that', u'my', u'read', u'full', u'price', u'ebay:', u'are', u'your', u'with', u'apple', u'&amp;', u'are', u'my', u'we', u'be', u'will', u'that', u'&amp;', u'with', u'apple', u'that', u'out', u'my', u'from', u'your', u'check', u'get', u'new', u'out', u'facebook', u'check', u'&amp;', u'my', u'posted', u'our', u'video', u'your', u'your', u'we', u'are', u'apple', u'have', u'that', u'be', u'\u2026', u'out', u'full', u'from', u'@youtube', u'song', u'please', u'buy', u'us', u'help', u'most', u'last', u'here', u'are', u'that', u'we', u'will', u'has', u'be', u'out', u'your', u'check', u'facebook', u'out', u'new', u'check', u'will', u'be', u'facebook', u'have', u'are', u'\u2026', u'like', u'be', u'will', u'has', u'that', u'\u2026', u'new', u'#facebook', u'revealed', u'me', u'the\u2026', u'have', u'are', u'their', u'who', u'some', u'been', u'share', u'guys', u'through', u'wish', u'\u2026', u'has', u'that', u'xbox', u'now', u'the\u2026', u'revealed', u'says', u'video', u""microsoft's"", u'\u2026', u'google', u'apple', u'full', u'read', u'price', u'xbox', u'ebay:', u'nexus', u'usd', u'google', u'nexus', u'its', u'6', u'#google', u'#nexus6', u'taking', u'different', u'launch', u'tack', u'10', u'desktop', u'#mac', u'runs', u'systems', u'multiple', u'operating', u'#moreos', u'parallels', u'simultaneously', u'#allaboutgoogle', u'first', u'which', u'android', u""google's"", u'health', u'platform,', u'#googlefit', u'debuted', u'wear']","[u'us', u'most', u'glass', u'help', u'from', u'make', u'happy', u'with', u'birthday', u'join', u'apple', u'black', u'full', u'read', u'isn\u2019t', u'iphone', u'google', u'+', u'youtube', u'price', u'new', u'facebook', u'posted', u'photo', u'photos', u'album', u'double', u""can't"", u'wait', u""nash's"", u'buy', u'@reecebibby', u'@stereokicks', u'#everyonevoteforstereokicks', u'from', u'watch', u'please', u'@charliejones', u'some', u'share', u'your', u'\U0001f602', u'prime', u'will', u'add', u'ever', u'likes', u'fan', u'social', u'school', u'as', u'well', u'fb', u'all', u'got', u'an', u'let', u'google', u'life', u'with', u'my', u'me', u'like', u'can', u'so', u'please', u'your', u'out', u'are', u'here', u'night', u'november', u'2014', u'last', u'2', u'halloween', u'mentions?', u'out!', u'#rt', u'from', u'#news', u'#youtube', u'her', u'free', u'#pussy', u'#pics', u'with', u'he', u'hot', u'too', u'\u2026', u'everyone', u'design,', u'into', u'parents', u'my', u'top', u'apple', u'call', u'his']",0.9899494936611665,1.9
2014-11-02 09:00:00,179366,"[u'|', u'facebook', u'auto', u'liker', u'get', u'page', u'post', u'likes', u'+', u'fan', u'new', u'posted', u'photo', u'facebook', u'|', u'liker', u'auto', u'tools|', u'300', u'http://t.co/fcdeb7gomi', u'@youtube', u'video', u'liked', u'from', u'my', u'facebook', u'&amp;', u'posted', u'photo', u'playlist', u'my', u'\u2026', u'with', u'@youtube', u'&amp;', u'your', u'be', u'have', u'are', u'out', u'\u2026', u'my', u'with', u'&amp;', u'your', u'we', u'out', u'are', u'that', u'video', u'my', u'&amp;', u'with', u'your', u'we', u'are', u'apple', u'from', u'our', u'that', u'apple', u'with', u'are', u'we', u'\U0001f4f1', u'http://t.co/d2vcocotqt', u'@appieofficiel:', u'from', u'full', u'your', u'&amp;', u'from', u'with', u'apple', u'are', u'that', u'we', u'@youtube', u'be', u'new', u'with', u'&amp;', u'from', u'@youtube', u'your', u'apple', u'be', u'new', u'that', u'playlist', u'with', u'from', u'@youtube', u'are', u'&amp;', u'we', u'fb', u'follow', u'your', u'playlist', u'out', u'new', u'check', u'facebook', u'from', u'my', u'video', u'apple', u'&amp;', u'posted', u'your', u'are', u'with', u'follow', u'#fav', u'fb', u'goodmorning', u'=', u'no', u'&amp;', u'your', u'we', u'follow', u'are', u'fb', u'=', u'no', u'\u26d4', u'\u2b50', u'#fav', u'are', u'your', u'be', u'my', u'me', u'an', u'out', u'full', u'read', u'have', u'are', u'read', u'full', u'out', u'have', u'price', u'ebay:', u'check', u'be', u'usd', u'that', u'#applewatch', u'launch', u'be', u'#appleiwatch', u'the\u2026', u'jony', u'design,', u'ive,', u'said', u'apple', u'\U0001f4f1', u'http://t.co/d2vcocotqt', u'@appieofficiel:', u'new', u'full', u'read', u'price', u'ebay:', u'out', u'be', u'have', u'new', u'will', u'an', u'like', u'ebola', u'http://t.co\u2026', u'love', u'all', u'make', u'love', u'out', u'out,', u'thanks', u'similar', u""i'd"", u'\U0001f49c\U0001f49c\U0001f49c', u'https://t.co/mhl0xdezfs', u'hey\U0001f60b', u'about', u'been', u'many', u'following', u""we've"", u'larger', u'planning', u'many,', u'rumors', u'#ipadpro']","[u'my', u'with', u'an', u'mac', u'days', u'&amp;', u'awesome', u'ago', u'be', u'way', u'ebola', u'with', u'pay', u'employees', u'after', u'http://t.co/\u2026', u'@', u'#a1_a2', u'cuff', u'school', u'new', u'facebook', u'posted', u'photo', u'video)', u'd', u'2013', u'@amazon', u'reply', u'create', u'youtube', u""here's"", u'few', u'from', u'down', u'https://t.co/alxjix9lho', u'@pointlessblog:', u'@naija_pr', u'@ayflavour', u'@kobomessenger', u'get', u'watch', u'&lt;3', u'thanks', u'website', u'youtube', u'wild', u'my', u'~', u'fans', u':', u'la', u'its', u'macbook', u'3', u'into', u'back', u'1', u'2', u'\u2013', u'sunday', u'more', u'bids)', u'morning', u'city', u'than', u'better', u'/', u'an', u'\u2014', u'@youtube', u'video', u'liked', u'from', u'|', u'playlist', u'added', u'+', u'advanced', u'&amp;', u'photos', u'download', u'album', u'buy', u'song', u'google', u'app', u'account', u'now', u'android', u'twitter', u'night', u""don't"", u'your', u'from', u'with', u'should', u'without', u'\u2764', u'real']",1.0606601717798212,1.0
2014-11-02 10:00:00,191453,"[u'new', u'facebook', u'posted', u'photo', u'video', u'@youtube', u'from', u'liked', u'my', u'out', u'@youtube', u'video', u'liked', u'from', u'facebook', u'posted', u'photo', u'new', u'my', u'|', u'my', u'with', u'not', u'@youtube', u'out', u'be', u'that', u'are', u'ebola', u'but', u'my', u'ebola', u'not', u'more', u'but', u'than', u'people', u""it's"", u'kills', u'rich', u'my', u'with', u'&amp;', u'your', u'we', u'our', u'that', u'are', u'be', u'us', u'out', u'check', u'new', u'facebook', u'go', u'with', u'my', u'interview', u'subscribe', u'video:', u'with', u'\u2026', u'my', u'be', u'we', u'your', u'are', u'have', u'that', u'apple', u'\u2026', u'from', u'with', u'@youtube', u'&amp;', u'your', u'are', u'we', u'\U0001f42f', u'video', u'from', u'\u2026', u'&amp;', u'@youtube', u'with', u'your', u'are', u'apple', u'that', u'new', u'&amp;', u'from', u'with', u'@youtube', u'be', u'your', u'that', u'\u2026', u'follow', u'will', u'apple', u'your', u'that', u'an', u'\U0001f4f1', u'http://t.co/d2vcocotqt', u'@appieofficiel:', u'here', u'with', u'glass', u'your', u'apple', u'we', u'are', u'be', u'our', u'\U0001f4f1', u'http://t.co/d2vcocotqt', u'@appieofficiel:', u'here', u'\U0001f42f', u'follow', u'please', u'@jackjackjohnson', u'@jackgilinsky', u'see', u'@xkingbizzlebx', u'\U0001f42f#wildlifemusicvideo', u'\u2026', u'&amp;', u'are', u'we', u'be', u'will', u'me', u'an', u'our', u'apple', u'like', u'youtube', u'be', u'that', u'will', u'like', u'youtube', u'has', u'facebook', u'new', u'me', u'we', u'new', u'facebook', u'has', u'out', u'check', u'your', u'youtube', u'or', u'google', u'be', u'microsoft', u'version', u'has', u'their', u'next', u'windows', u'officially', u'announced', u'#windows10', u'operating', u'that', u'like', u'me', u'follow', u'youtube', u'we', u'\U0001f42f', u'microsoft', u'can', u'fb', u'getting', u'ebola', u'higher', u'chances', u'me', u'are', u'bae', u'@fockyates:', u'than', u'we', u'#twitter', u'google', u'youtube', u'like', u'microsoft', u'twitter', u'have', u'chief', u'rival', u'inc']","[u'more', u'than', u""it's"", u'but', u'ebola', u'people', u'not', u""can't"", u'it.', u'since', u'an', u'or', u'called', u'online', u'be', u'your', u'really', u'#business', u'google', u'followers', u'with', u'her', u'little', u'from', u'my', u'got', u'one', u'come', u'released', u'off', u'@youtube', u'video', u'liked', u'from', u'|', u'added', u'playlist', u'music', u'2014', u'&amp;', u'my', u'like', u'page', u'with', u'free', u'&amp;', u'!', u'get', u'book', u'us', u'microsoft', u'#youtube', u'#news', u'#pussy', u'#pics', u'entrepreneur', u'price', u'hot', u'free', u'days', u'day', u'with', u'.', u'november', u'king', u'future', u'#microsoft', u'instagram', u'2014', u'updated', u'photos', u'album', u'prime', u'/', u'apple', u'uk', u'sunday', u'with', u'red', u'easy', u'google', u'can', u'my', u':)', u'#googleinbox', u'how', u'cover', u""don't"", u'please', u'social', u'new', u'facebook', u'posted', u'photo', u'http://t.co/fozxabwtbi', u'@fadilayman1:', u'up!', u'killed', u'60', u'videoooooo']",0.9899494936611665,0.5
2014-11-02 11:00:00,198062,"[u'@youtube', u'video', u'new', u'facebook', u'posted', u'liked', u'photo', u'from', u'my', u'&amp;', u'@youtube', u'facebook', u'new', u'video', u'posted', u'photo', u'liked', u'from', u'|', u'playlist', u'my', u'with', u'@youtube', u'\u2026', u'&amp;', u'out', u'your', u'have', u'me', u'be', u'my', u'with', u'&amp;', u'\u2026', u'your', u'we', u'get', u'are', u'our', u'from', u'\u2026', u'my', u'be', u'have', u'me', u'with', u'we', u'music', u'let', u'ft', u'with', u'&amp;', u'we', u'\u2026', u'are', u'your', u'youtube', u'apple', u'that', u'from', u'&amp;', u'with', u'get', u'youtube', u'your', u'off', u'sexual', u'abusers', u'we', u'#twitition', u'from', u'youtube', u'get', u'&amp;', u'with', u'@youtube', u'off', u'apple', u'out', u'sexual', u'out', u'check', u'new', u'facebook', u'get', u'youtube', u'@youtube', u'my', u'video', u'our', u'from', u'@youtube', u'youtube', u'get', u'&amp;', u'off', u'we', u'sexual', u'abusers', u'with', u'apple', u'&amp;', u'your', u'full', u'iphone', u'read', u'price', u'ebay:', u'usd', u'\U0001f4f1', u'your', u'we', u'are', u'apple', u'or', u'out', u'have', u'ebola', u'that', u'youtube', u'ebola', u'we', u'are', u'but', u'not', u'our', u'that', u""it's"", u'more', u'me', u'or', u'500', u'your', u'followers', u'facebook', u'out', u'twitter', u'instagram', u'likes', u'$5', u'|', u'free', u'video', u'x', u'video)', u'be', u'(music', u'we', u'm', u'@quietpvck', u'me', u'ebola', u'that', u'follow', u'like', u'or', u'&lt;3', u'not', u'google', u'#rt', u'google', u'really', u'#allaboutgoogle', u'me', u'video', u'one', u'best', u'glass', u'that', u'#googleglass', u'into', u'market', u'meant', u'pay,', u'#applepay', u'emerging', u'momentum', u'inject', u'fragmented', u'#allapplerumor', u'video', u'that', u'@youtube', u'but', u'man', u'never', u'wallet', u'took', u'#googlewallet', u'#creditcard', u'its', u'microsoft', u'windows', u'said', u'samsung', u'phones', u'raised', u'#microsoftdeal', u'#samsung', u'collaboration']","[u'my', u'that', u'have', u'so', u'be', u'can', u'just', u'but', u'me', u'we', u'first', u'advanced', u'call', u'warfare', u'7', u'official', u'from', u'&amp;', u'/', u'trailer', u'youtube', u'get', u'off', u'more', u'than', u'sexual', u'abusers', u'ebola', u'not', u'#twitition', u'with', u'retweet', u'her', u'would', u'song', u'thanks', u'any', u'my', u'next', u'said', u'our', u'us', u'we', u'all', u'time', u'with', u'&amp;', u'are', u'come', u'from', u'apple', u'read', u'price', u'iphone', u'ebay:', u'black', u'usd', u'smartphone', u'white', u'5', u'mac', u'great', u'my', u'book', u'makes', u'search', u'cheese', u'meet', u'into', u'live', u'\u2026', u'your', u'how', u'city', u'start', u'what', u'give', u'6', u""that's"", u'many', u'|', u'its', u'#youtube', u'#news', u'rock', u'#pussy', u'#pics', u'16gb', u'teen', u'free', u'facebook', u'new', u'posted', u'photo', u'album', u'photos', u'upload', u'do!', u'between', u'2015']",0.848528137423857,0.5
2014-11-02 12:00:00,207856,"[u'scientists', u""don't"", u'ebola.', u'@mikegasior:', u'are', u'do', u'about', u'over', u'say', u'says', u'scientists', u'have', u'like', u'no', u'people', u'know', u'been', u'9', u'u.s.', u'level', u'@youtube', u'video', u'liked', u'from', u'new', u'my', u'&amp;', u'playlist', u'|', u'facebook', u'new', u'facebook', u'posted', u'photo', u'@youtube', u'my', u'liked', u'video', u'out', u'with', u'&amp;', u'youtube', u'get', u'my', u'buy', u'views', u'famous', u'cheap', u'quick!', u'@iamamayabrown:', u'my', u'with', u'&amp;', u'out', u'views', u'buy', u'get', u'cheap', u'@iamamayabrown:', u'http://t.co/miscwxtovc', u'my', u'with', u'your', u'we', u'be', u'are', u'apple', u'that', u'from', u'ebola', u'from', u'with', u'@youtube', u'apple', u'playlist', u'added', u'liked', u'video', u'out', u'old', u'with', u'apple', u'&amp;', u'your', u'we', u'youtube', u'are', u'be', u'that', u'new', u'out', u'check', u'new', u'apple', u'facebook', u'from', u'@youtube', u'my', u'&amp;', u'or', u'apple', u'with', u'out', u'from', u'new', u'check', u'\U0001f4f1', u'http://t.co/d2vcocotqt', u'@appieofficiel:', u'here', u'&amp;', u'youtube', u'our', u'with', u'apple', u'get', u'photos', u'my', u'can', u'tell', u'&amp;', u'our', u'my', u'with', u'can', u'old', u'photos', u'too', u'tell', u'becoming', u'your', u'or', u'be', u'we', u'out', u'500', u'facebook', u'that', u'new', u'check', u'your', u'or', u'500', u'facebook', u'out', u'new', u'check', u'twitter', u'ebola', u'we', u'ebola', u'are', u'we', u'be', u'or', u'500', u'my', u'new', u'but', u'your', u'ebola', u'be', u'video', u'new', u'@youtube', u'out', u'google', u'will', u'facebook', u'youtube', u'new', u'be', u'are', u'or', u'facebook', u'500', u'google', u'will', u'out', u'video', u'youtube', u'nightmare', u'saviours', u'http://t.co/u4zwh2wds8', u'@jacksonnovem:', u'get', u'&amp;', u'we', u'ebola', u'that', u'feel', u'cinnamon', u'remember', u'him', u'jacks', u'now,', u'yet?', u'stick', u'commercials?', u'@nochiliposts:']","[u'about', u'over', u'are', u'easier', u'do', u'say', u'says', u'is!', u'space', u""you're"", u'out', u'my', u'check', u'our', u'watch', u'can', u'please', u'music', u'go', u'too', u'social', u'best', u'brother', u'my', u'big', u'new,', u'one', u'with', u'lighthearted', u'positive!', u'@youtube', u'video', u'liked', u'from', u'|', u'&amp;', u'vs', u'part', u'15', u'2', u'apple', u'smartphone', u'black', u'16gb', u'bids)', u'white', u'ebay:', u'iphone', u'end', u'ipad', u'new', u'facebook', u'posted', u'photo', u'photos', u'album', u'#wildlifemusicvideo', u'\U0001f42f', u'video:', u'64gb', u'&amp;', u'youtube', u'buy', u'get', u'views', u'access', u'famous', u'cheap', u'quick!', u'http://t.co/miscwxtovc', u'follow', u'tell', u'love', u'his', u'happy', u'retweet', u'me', u'minutes', u'battle', u'fire', u'like', u'have', u'no', u'know', u'people', u'been', u'true', u':)', u'god', u'level', u'your', u'with', u'will', u'network', u'be', u'more', u'#socialnetwork', u'#facebook', u'us', u'has']",0.49497474683058323,1.5
2014-11-02 13:00:00,209700,"[u'new', u'my', u'&amp;', u'check', u'please', u'thumbs', u'chill', u'""losing', u'brand', u'out-&gt;', u'video', u'@youtube', u'liked', u'from', u'new', u'watch', u'go', u'my', u'me', u'@rickypdillon', u'new', u'facebook', u'posted', u'photo', u'@youtube', u'watch', u'liked', u'go', u'@rickypdillon', u'me', u'my', u'facebook', u'posted', u'photo', u'me', u'watch', u'@youtube', u'go', u'follow', u'new', u'my', u'facebook', u'watch', u'@rickypdillon', u'go', u'video', u'.', u'with', u'new', u'please', u'my', u'with', u'&amp;', u'your', u'are', u'ebola', u'get', u'we', u'that', u'video', u'out', u'check', u'.', u'&amp;', u'me', u'new', u'facebook', u'follow', u'please', u'with', u'with', u'from', u'me', u'.', u'please', u'new', u'are', u'@youtube', u'facebook', u'watch', u'from', u'@youtube', u'out', u'check', u'me', u'playlist', u'added', u'new', u'liked', u'facebook', u'.', u'with', u'&amp;', u'out', u'check', u'from', u'watch', u'sunshine', u'https://t.co/jlepi0yuka', u'ilysm', u'out', u'from', u'me', u'&amp;', u'your', u'check', u'.', u'ebola', u'with', u'be', u'&amp;', u'.', u'me', u'with', u'out', u'please', u'like', u'full', u'@katieofficialuk', u':)', u'video', u'like', u'@youtube', u'&amp;', u'my', u'new', u'here', u'full', u':)', u'it!', u'your', u'\u2026', u'are', u'get', u'what', u'so', u'that', u'apple', u'#apps', u'please', u'ebola', u'be', u'new', u'google', u'facebook', u'\u2026', u'or', u'500', u'me', u'go', u'\u2026', u'ebola', u'what', u'are', u'facebook', u'or', u'500', u'today', u'their', u'when', u'\u2026', u'your', u'apple', u'as', u'facebook', u'that', u'please', u'me', u'or', u'ebola', u'500', u'or', u'what', u'be', u'google', u'#apps', u'has', u'twitter', u'one', u'can', u'or', u'what', u'500', u'your', u'be', u'as', u'#apps', u'apple', u'that', u'know', u'@rickypdillon', u'\u2600', u'\U0001f30e', u'brand', u'over', u'wait', u'shot', u'finally', u'@bbe_bigdave', u'rickyrue']","[u'the\u2026', u'top', u'twitter', u'water', u'or', u'buy', u'make', u'real', u'instagram', u'youtube', u'\u2026', u'pls', u'live', u'cloud,', u'2', u'@niallofficial', u'8pm!', u'last', u'your', u'help', u'my', u'please', u'&amp;', u'new', u'thumbs', u'check', u'chill', u'""losing', u'omegle""', u'@rickypdillon:', u'one', u'black', u'only', u'ebola', u'when', u'taken', u'microsoft', u'upload', u'&lt;3', u'u', u'ceo', u'with', u'out,', u'thanks', u""he's"", u'announces', u'thing', u'more', u'gay', u'apple', u'my', u'are', u'what', u'ebola', u'how', u'not', u'so', u'make', u'but', u'that', u'ebola', u'has', u'good', u'that', u'will', u'not', u'be', u'all', u'been', u'even\u2026', u'gmail', u'with', u'mac', u'me', u'apple', u""i'm"", u'an', u'#apps', u'email', u'.', u'new', u'facebook', u'posted', u'photo', u'hebrew', u'israelites', u'wait', u'link', u'#isupk', u'money', u'out', u'check', u'my', u'channel', u'music', u'new', u'song', u'youtube', u'video', u""you're""]",1.3435028842544403,1.0
2014-11-02 14:00:00,168430,"[u'@jackjackjohnson', u'#wildlifemusicvideo', u'watch', u'@jackgilinsky', u'go', u'video', u'\u2026', u'follow', u'new', u'music', u'can', u'get', u'we', u'how', u'all', u'see', u'who', u'many', u'before', u'it!', u'video', u'@youtube', u'liked', u'from', u'#wildlifemusicvideo', u'\u2026', u'@jackjackjohnson', u'@jackgilinsky', u'|', u'new', u'\u2026', u'@jackjackjohnson', u'music', u'@jackgilinsky', u'go', u'&amp;', u'jack', u'new', u'watch', u'#wildlifemusicvideo', u'new', u'check', u'&amp;', u'out', u'my', u'please', u'watch', u'me', u'follow', u'as', u'me', u'follow', u'\U0001f42f', u'new', u'@youtube', u'go', u'jacks', u'as', u'video', u'#wildlifemusicvideo', u'\U0001f42f', u'\U0001f435', u'me', u'follow', u'out', u'check', u'watch', u'please', u'\u2764\ufe0f', u'jack', u'me', u'follow', u'as', u'&amp;', u'always', u'lads', u'jacks', u'incredible', u'please', u'go', u'#wildlifemusicvideo', u'video', u'me', u'@jackgilinsky', u'@youtube', u'watch', u'music', u'check', u'\U0001f42f', u'jack', u'&amp;', u'out', u'music', u'\U0001f42f', u'watch', u'my', u'video', u'please', u'life', u'wild', u'&amp;', u'new', u'go', u'jack', u'watch', u'life', u'wild', u'@jackjackjohnson', u'@jackgilinsky', u'everyone', u'my', u'life', u'jack', u'wild', u'new', u'&amp;', u'watch', u'go', u'ebola', u'@jackjackjohnson', u'\U0001f52e', u'\U0001f47d', u'following', u'mind', u'\U0001f47d\U0001f52e', u'https://t.co/nvmbmmquru', u'me??', u'new', u'#wildlifevideo', u'@jackjackjohnson', u'apple', u'go', u'new', u'ceo', u""he's"", u'announces', u'check', u'@jackgilinsky', u'so', u'life', u'@jackgilinsky', u'go', u'apple', u'#wildlifemusicvideo', u'new', u'jack', u'out', u'x', u'watch', u'everyone', u'x', u'apple', u'best', u'ever!!', u'https://t.co/po7csrvpdm', u'so', u""it's"", u'#wildlifemusicvideo', u'@jackgilinsky', u'amazing', u'jack', u'apple', u'x', u'my', u'ebola', u'video', u'so', u'youtube', u""it's"", u'@youtube', u'#wildlifemusicvideo', u'jack', u'go', u'new', u'&amp;', u'so', u'life', u'out', u'me', u'wild', u'#wildlifemusicvideo', u'@jackgilinsky', u'music', u'|', u'sneak', u'brent', u'peak', u'digitour', u'rivera:', u'@brentrivera:', u'\U0001f496', u'jack', u'https://t.co/x75r0mcu4j', u'#wildlifemusicvideo', u'@jackjackjohnson', u'\u2728', u'@90sjohnsxn:', u'please', u'go', u'my']","[u'your', u'live', u'@youtube', u'makes', u'google', u'10', u'show', u'or', u'come', u'me', u'as', u'always', u'lads', u'wildlife', u'brent', u'video', u'fresh', u'copy', u'&lt;3', u'law', u'apple\u2019s', u'best', u'life', u'smartphones', u'@brentrivera:', u'football', u'vlog!', u'youtube', u'merica.', u'ever', u'ceo', u""he's"", u'announces', u'apple', u'incredible', u'water', u'more', u'after', u'#ios', u'#nexus9', u'ebola', u'have', u'that', u'mac', u'but', u'are', u'it\u2019s', u'now', u'just', u'youtube', u'watch', u'go', u'it!', u'video!', u'\U0001f42f\U0001f42f\U0001f42f\U0001f42f\U0001f42f\U0001f42f\U0001f42f\U0001f42f\U0001f42f\U0001f42f\U0001f42f', u'\U0001f42f\U0001f43b\U0001f42f\U0001f43b\U0001f42f\U0001f43b', u'follow', u'\U0001f42f\U0001f418\U0001f430\U0001f43c\U0001f42f\U0001f418\U0001f430\U0001f43c', u'@jackjackjohnson:', u'#wildlifevideoto1mill', u'how', u'can', u'youtube', u'share', u'50', u'many', u'watch', u'\u2728\u2728\u2728\u2728', u':d', u'comment', u'new', u'check', u'out', u'my', u'\u2728', u'&amp;', u'please', u'song', u'thumbs', u'with', u'@youtube', u'video', u'liked', u'from', u'|', u'&amp;', u'advanced', u'playlist', u'warfare', u'added', u'first', u'with', u'time', u""don't"", u'game', u'\U0001f60d', u'&amp;', u'class', u'obama', u'boys!']",0.9899494936611665,0.7
2014-11-02 15:00:00,103369,"[u'@youtube', u'video', u'liked', u'from', u'|', u'&amp;', u'my', u'@jackjackjohnson', u'new', u'watch', u'#wildlifemusicvideo', u'@jackjackjohnson', u'@jackgilinsky', u'watch', u'go', u'\u2026', u'new', u'@youtube', u'&amp;', u'my', u'my', u'check', u'&amp;', u'out', u'new', u'watch', u'@jackjackjohnson', u'#wildlifemusicvideo', u'@jackgilinsky', u'please', u'\u2026', u'apple', u'&amp;', u'video', u'my', u'new', u'@jackgilinsky', u'with', u'go', u'thumbs', u'\u2026', u'apple', u'new', u'youtube', u'&amp;', u'brand', u'with', u'please', u'thumbs', u'chill', u'apple', u'new', u'my', u'ceo', u'out', u""he's"", u'announces', u'with', u'please', u'brand', u'@youtube', u'from', u'liked', u'playlist', u'added', u'&amp;', u'video', u'new', u'apple', u'|', u'apple', u'youtube', u'&amp;', u'ebola', u'new', u'ceo', u'announces', u""he's"", u'can', u'get', u'&amp;', u'new', u'video', u'ebola', u'from', u'jack', u'out', u'check', u'playlist', u'added', u'ebola', u'&amp;', u'my', u'video', u'@youtube', u'follow', u'me', u'\u2728', u'jack', u'watch', u'youtube', u'ebola', u'video', u'out', u'&amp;', u'new', u'@youtube', u'with', u'check', u'50', u'go', u'youtube', u'me', u'#wildlifemusicvideo', u'watch', u'ebola', u'\u2728', u'get', u'how', u'&amp;', u'ceo', u'with', u'ebola', u""he's"", u'announces', u'more', u'apple', u'my', u'gay.', u'gay', u'2', u'another', u'j-mac.', u'jeremy', u'maclin', u'@eagles', u'td.', u'late.', u'yep,', u'scores', u'out', u'my', u'ebola', u'check', u'youtube', u'jack', u'50', u'watch', u'new', u'life', u'that', u'video', u'microsoft', u'50', u'may', u'hold', u'#microsoft', u'lawyers,', u'wasn\u2019t', u'#mobilekeyboard', u'me', u'50', u'\u2728', u'video', u'that', u'follow', u'@youtube', u'with', u'please', u'microsoft', u'with', u'my', u'apple', u'about', u'ebola', u'50', u'design', u'jony', u'ive', u'spoke', u'my', u'\u2728', u'about', u'head', u'ive', u'jony', u'past', u'range', u'week,', u'spoke', u'made', u'only', u""doesn't"", u'thing', u'break', u'with', u'\U0001f62c\U0001f612\U0001f602\U0001f602\U0001f602\U0001f602\U0001f602\U0001f602', u'out', u'http://t.co/kpt1f9xpep', u'@mtvjoey:']","[u'my', u'when', u'http://t\u2026', u'u', u'so', u'free', u'made', u'that', u'ebola', u'me', u'@youtube', u'from', u'video', u'liked', u'advanced', u'warfare', u'call', u'faze', u'first', u'prank', u'\U0001f4f1', u'follow', u'get', u'we', u'can', u'me', u'views', u'youtube', u'day', u'please', u'\U0001f435\U0001f42f\U0001f438', u'\U0001f42f\U0001f418\U0001f430\U0001f43c\U0001f42f\U0001f418\U0001f430\U0001f43c', u'new', u'buy', u'ebola', u'https://t.co/szogrhq0uy', u'@pornsmendes:', u'next', u'big', u'far', u'single', u'now', u'apple', u'more', u""he's"", u'ceo', u'nigga', u'announces', u""i'm"", u'too', u'google', u'#phivshou', u'how', u'people', u'with', u'http://\u2026', u'ebola', u'j-mac.', u'thank', u'253', u'no', u'full', u'with', u'got', u'black', u'xbox', u'read', u'price', u'play', u'apple', u'future', u'my', u'new', u'&amp;', u'check', u'please', u'he', u'ebola', u'brand', u'chill', u'just', u'youtube', u'be', u'apple', u'&amp;', u'all', u'6', u'mac', u'our', u'me', u'out', u'my', u'check', u'like', u'&amp;', u'=)', u'new', u'u', u'""cuz', u'http://t.co/ittqsrhnfm']",0.565685424949238,0.8
2014-11-02 08:00:00,161010,"[u'new', u'facebook', u'posted', u'photo', u'video', u'@youtube', u'my', u'from', u'liked', u'out', u'@youtube', u'video', u'liked', u'from', u'&amp;', u'my', u'with', u'|', u'photo', u'posted', u'my', u'with', u'@youtube', u'that', u'your', u'are', u'we', u'apple', u'video', u'&amp;', u'from', u'my', u'buy', u'song', u'last', u'with', u'please', u'us', u'help', u'most', u'my', u'with', u'&amp;', u'apple', u'out', u'your', u'that', u'we', u'check', u'me', u'with', u'apple', u'we', u'my', u'that', u'are', u'&amp;', u'from', u'read', u'full', u'apple', u'your', u'&amp;', u'with', u'are', u'my', u'new', u'facebook', u'be', u'we', u'&amp;', u'with', u'apple', u'that', u'out', u'your', u'my', u'from', u'check', u'get', u'new', u'out', u'facebook', u'check', u'&amp;', u'my', u'posted', u'our', u'video', u'@youtube', u'your', u'we', u'are', u'apple', u'have', u'that', u'be', u'\u2026', u'&amp;', u'full', u'from', u'@youtube', u'song', u'please', u'buy', u'us', u'help', u'last', u'here', u'most', u'are', u'that', u'we', u'has', u'out', u'will', u'be', u'your', u'check', u'facebook', u'out', u'check', u'new', u'will', u'be', u'facebook', u'have', u'are', u'\u2026', u'with', u'be', u'has', u'will', u'that', u'\u2026', u'#facebook', u'new', u'revealed', u'have', u'the\u2026', u'have', u'are', u'their', u'who', u'some', u'been', u'share', u'guys', u'through', u'wish', u'\u2026', u'has', u'revealed', u'video', u'xbox', u'that', u'now', u'the\u2026', u'@youtube', u'says', u'\u2026', u'google', u'apple', u'full', u'read', u'xbox', u'price', u'ebay:', u'nexus', u'now', u'google', u'nexus', u'its', u'6', u'#google', u'#nexus6', u'taking', u'different', u'launch', u'tack', u'10', u'desktop', u'#mac', u'runs', u'multiple', u'systems', u'operating', u'parallels', u'#moreos', u'simultaneously', u'#allaboutgoogle', u'first', u'which', u'android', u""google's"", u'platform,', u'#googlefit', u'debuted', u'wear', u'health']","[u'has', u'#news', u'#youtube', u'with', u'#pussy', u'#pics', u'post', u'ebola', u'revealed', u'watch\u2026', u'fact', u'\U0001f602', u'are', u'\U0001f496', u'\U0001f495\U0001f48e', u'#retweeet', u'#fav', u'\U0001f495\U0001f48e\U0001f451no', u'fb=', u'member', u'\u2026', u'glass', u'share', u'have', u'their', u'getting', u'some', u'through', u'x', u'oh', u""don't"", u'your', u'be', u'forget', u'will', u'have', u'my', u'we', u'that', u'an', u'new', u'facebook', u'posted', u'photo', u'photos', u'album', u'york', u'excited', u'\U0001f60d', u'facebook!', u'@youtube', u'video', u'liked', u'from', u'|', u'added', u'playlist', u'&amp;', u'music', u'city', u'apple', u'that', u'#applewatch', u'#appleiwatch', u'the\u2026', u'with', u'#smartwatch', u'its', u'designing', u'iota', u'isn\u2019t', u'+', u'design,', u'amazon', u'&amp;', u'win', u'w/', u'over', u'apple', u'microsoft', u'vote', u'google', u'now', u'fb', u'welcome', u'app', u'get', u'download', u'one', u'follow', u'like', u'please', u'out', u'us', u'our', u'check', u'help', u'are', u'can', u'me']",0.848528137423857,1.6
2014-11-02 08:00:00,161010,"[u'new', u'facebook', u'posted', u'photo', u'video', u'@youtube', u'my', u'from', u'liked', u'out', u'@youtube', u'video', u'liked', u'from', u'&amp;', u'my', u'with', u'|', u'photo', u'posted', u'my', u'with', u'@youtube', u'that', u'your', u'are', u'we', u'apple', u'video', u'&amp;', u'from', u'my', u'buy', u'song', u'last', u'with', u'please', u'us', u'help', u'most', u'my', u'with', u'&amp;', u'apple', u'your', u'out', u'that', u'we', u'check', u'me', u'with', u'apple', u'we', u'my', u'that', u'are', u'&amp;', u'from', u'has', u'read', u'apple', u'your', u'&amp;', u'with', u'are', u'new', u'my', u'facebook', u'be', u'will', u'&amp;', u'with', u'apple', u'your', u'that', u'out', u'my', u'from', u'get', u'check', u'new', u'out', u'facebook', u'check', u'&amp;', u'my', u'posted', u'our', u'video', u'@youtube', u'your', u'we', u'are', u'apple', u'have', u'that', u'be', u'\u2026', u'&amp;', u'full', u'from', u'@youtube', u'song', u'please', u'buy', u'us', u'help', u'last', u'most', u'here', u'are', u'that', u'we', u'out', u'has', u'will', u'be', u'your', u'check', u'facebook', u'out', u'new', u'check', u'will', u'be', u'facebook', u'have', u'are', u'\u2026', u'with', u'be', u'has', u'will', u'that', u'\u2026', u'#facebook', u'new', u'revealed', u'have', u'the\u2026', u'have', u'are', u'their', u'who', u'some', u'been', u'share', u'guys', u'through', u'wish', u'\u2026', u'has', u'xbox', u'that', u'now', u'the\u2026', u'revealed', u'says', u""microsoft's"", u'leader', u'\u2026', u'google', u'apple', u'full', u'read', u'nexus', u'price', u'ebay:', u'xbox', u'its', u'google', u'nexus', u'its', u'6', u'#google', u'taking', u'#nexus6', u'different', u'launch', u'tack', u'10', u'desktop', u'#mac', u'runs', u'systems', u'multiple', u'operating', u'parallels', u'#moreos', u'simultaneously', u'#allaboutgoogle', u'first', u'which', u'android', u""google's"", u'platform,', u'#googlefit', u'debuted', u'wear', u'earlier']","[u'has', u'that', u'with', u'sir', u'#applewatch', u'#appleiwatch', u'revealed', u'back', u'watch\u2026', u'more', u'only', u'my', u'twitter', u'awesome', u'family', u'right', u'cook', u'lol', u'from', u'always', u'&amp;', u'full', u'\u2013', u'app', u'google', u'read', u'now', u'with', u'event', u'gb', u'apple', u'photos', u'&amp;', u'iphone', u'black', u'album', u'+', u'5', u'white', u'read', u'apple', u'us', u'help', u'night', u'\U0001f4f1', u'very', u'http://t.co/d2vcocotqt', u'@appieofficiel:', u'stay', u'last', u'your', u'page', u'into', u'will', u'my', u'add', u'hot', u'likes', u'fan', u'social', u'new', u'facebook', u'posted', u'photo', u'post', u'amazing!', u'subscribers', u'dogs', u'#asmsg', u'sierra', u'with', u'her', u'#news', u'#youtube', u'night!', u'free', u'#pussy', u'#pics', u'design,', u'your', u'@youtube', u'video', u'liked', u'from', u'|', u'added', u'playlist', u'part', u'&amp;', u'music', u'your', u'sure', u'out', u'#smartwatch', u'mac', u'find', u'be', u'also', u'about', u'will']",0.848528137423857,1.7
2014-11-02 09:00:00,179366,"[u'|', u'facebook', u'auto', u'liker', u'get', u'page', u'post', u'likes', u'+', u'fan', u'new', u'posted', u'photo', u'facebook', u'|', u'liker', u'auto', u'tools|', u'300', u'@fhbrock:', u'@youtube', u'video', u'liked', u'from', u'my', u'facebook', u'&amp;', u'posted', u'photo', u'playlist', u'my', u'\u2026', u'with', u'@youtube', u'&amp;', u'your', u'be', u'have', u'are', u'out', u'\u2026', u'my', u'with', u'&amp;', u'your', u'we', u'out', u'are', u'that', u'video', u'my', u'&amp;', u'with', u'your', u'we', u'are', u'apple', u'from', u'our', u'that', u'apple', u'with', u'are', u'we', u'\U0001f4f1', u'http://t.co/d2vcocotqt', u'@appieofficiel:', u'from', u'full', u'your', u'&amp;', u'from', u'with', u'apple', u'are', u'that', u'we', u'@youtube', u'be', u'new', u'with', u'&amp;', u'from', u'@youtube', u'your', u'apple', u'be', u'that', u'new', u'playlist', u'from', u'with', u'@youtube', u'are', u'&amp;', u'we', u'fb', u'follow', u'#fav', u'your', u'out', u'new', u'check', u'facebook', u'from', u'video', u'my', u'fb', u'apple', u'our', u'your', u'with', u'follow', u'are', u'fb', u'#fav', u'&amp;', u'=', u'goodmorning', u'no', u'your', u'we', u'are', u'follow', u'fb', u'=', u'out', u'\u26d4', u'have', u'no', u'are', u'be', u'your', u'my', u'out', u'me', u'an', u'full', u'read', u'price', u'are', u'full', u'read', u'out', u'have', u'price', u'ebay:', u'check', u'usd', u'be', u'that', u'#applewatch', u'launch', u'be', u'#appleiwatch', u'the\u2026', u'jony', u'design,', u'ive,', u'said', u'apple', u'\U0001f4f1', u'http://t.co/d2vcocotqt', u'@appieofficiel:', u'new', u'full', u'read', u'out', u'price', u'ebay:', u'be', u'have', u'will', u'an', u'new', u'love', u'ebola', u'all', u'http://t.co\u2026', u'like', u'make', u'out', u'love', u'out,', u'similar', u'\U0001f49c\U0001f49c\U0001f49c', u'https://t.co/mhl0xdezfs', u'hey\U0001f60b', u'thanks', u""i'd"", u'about', u'been', u'many', u'following', u""we've"", u'larger', u'planning', u'many,', u'rumors', u'#ipadpro']","[u'apple', u'black', u'wrap', u'ur', u'are', u'ipad', u'goodmorning', u'passed', u'#fav', u'where', u'out', u'check', u'my', u'available', u'&amp;', u'watch', u'\u2764', u'#ebola', u'see', u'our', u'@youtube', u'video', u'liked', u'from', u'\u2026', u'advanced', u'part', u'|', u'1', u'warfare', u'youtube', u'with', u'#a1_a2', u'cant', u'@blackveilbrides:', u'fast', u'3', u'watch', u'daily', u'behind', u'google', u'about', u'read', u'how', u'price', u'have', u'ebay:', u'what', u'now', u'end', u'my', u'me', u'with', u'an', u'like', u'be', u'all', u'morning', u'happy', u'sunday', u'us', u'please', u'last', u'night', u'song', u'here', u'join', u'buy', u'our', u'vote', u'|', u'la', u'+', u'wild', u'opportunity', u'welcome', u'top', u'book', u'interested', u'fb', u'say', u'offer', u'http://t.co\u2026', u'.', u'#gossip', u'&amp;', u'she', u'5', u'\u2014', u'#fb', u'ebola', u'\u2026', u'#news', u'#youtube', u'#pussy', u'#pics', u'with', u'better', u'hot', u'body']",1.0606601717798212,1.8
2014-11-02 08:00:00,161010,"[u'-', u'rt', u'new', u'@youtube', u'facebook', u'video', u'posted', u'is', u'photo', u'liked', u'new', u'facebook', u'posted', u'photo', u'-', u'@youtube', u'video', u'liked', u'rt', u'apple', u'rt', u'-', u'@youtube', u'is', u'video', u'posted', u'liked', u'photo', u'new', u'facebook', u'@youtube', u'video', u'liked', u'-', u'is', u'apple', u'|', u'playlist', u'added', u'read', u'is', u'rt', u'-', u'apple', u'video', u'@youtube', u'here', u'liked', u'google', u'are', u'buy', u'song', u'last', u'please', u'help', u'most', u'charts', u'climb', u'can', u'night', u'&amp;', u'apple', u'get', u'free', u'are', u'amazon', u'new', u'rt', u'gift', u'-', u'apple', u'new', u'&amp;', u'facebook', u'-', u'read', u'full', u'price', u'ebay:', u'video', u'new', u'facebook', u'apple', u'posted', u'@youtube', u'check', u'will', u'photo', u'video', u'has', u'are', u'&amp;', u'\u2026', u'will', u'facebook', u'just', u'rt', u'is', u'people', u'see', u'@youtube', u'video', u'will', u'are', u'facebook', u'has', u'\u2026', u'new', u'amazon', u'social', u'has', u'@youtube', u'video', u'will', u'\u2026', u'revealed', u'full', u'read', u'price', u'ebay:', u'|', u'#youtube', u'#news', u'#pussy', u'#pics', u'free', u'\u2026', u'&amp;', u'google', u'get', u'will', u'has', u'#facebook', u'@youtube', u'amazon', u'revealed', u'/', u'video', u'sure', u""we're"", u'\u2026', u'#facebook', u'@youtube', u'has', u'10', u'#mac', u'desktop', u'runs', u'multiple', u'systems', u'\u2026', u'google', u'10', u'#mac', u'runs', u'desktop', u'parallels', u'multiple', u'systems', u'operating', u'google', u'10', u'nexus', u'desktop', u'runs', u'systems', u'multiple', u'operating', u'#mac', u'#moreos', u'google', u'\u2026', u'xbox', u'now', u'#allaboutgoogle', u'the\u2026', u'says', u""microsoft's"", u'#xbox', u'leader', u'\u2026', u'now', u'the\u2026', u'#allaboutgoogle', u'says', u'#xbox', u'leader', u""microsoft's"", u'#pcgaming', u'phil', u'share', u'been', u'guys', u'wish', u'valuable', u'suggestions', u'#breakup', u'#girlfriends', u'https://t.co/kcu\u2026', u'@abulmia420:']","[u'song', u'buy', u'@reecebibby', u'rt', u'@stereokicks', u'glass', u'#everyonevoteforstereokicks', u'top', u'vote', u'@charliejones', u'video', u'@youtube', u'liked', u'jony', u'-', u'watch', u'rt', u'advanced', u'xbox', u'#ebola', u'-', u'apple', u'read', u'black', u'full', u'end', u'price', u'microsoft', u'smartphone', u'ebay:', u'u', u'#news', u'#youtube', u'#pussy', u'#pics', u'rt', u'free', u'give', u'happy', u'hot', u'rt', u'revealed', u'book', u'was', u'here!', u'http:/\u2026', u'will', u'&amp;', u'own', u""i'll"", u'rt', u'has', u'is', u'climb', u'sure', u'sir', u'design,', u'also', u""it's"", u':)', u'google', u'night!', u'now', u'play', u'are', u'get', u'find', u'rt', u'always', u'app', u'rt', u'fb', u'boys', u'will', u'page', u'follow', u'likes', u'add', u'fan', u'please', u'rt', u'youtube', u'check', u'subscribe', u'isn\u2019t', u'designing', u'#rt', u'new', u'is', u'ebola', u'apple', u'-', u'rt', u'is', u'#applewatch', u'#appleiwatch', u'\U0001f4f1', u'http://t.co/d2vcocotqt', u'@appieofficiel:', u'iota']",1.3435028842544403,1.5
2014-11-02 09:00:00,179366,"[u'|', u'facebook', u'rt', u'auto', u'liker', u'get', u'page', u'+', u'likes', u'post', u'-', u'rt', u'@youtube', u'video', u'|', u'liked', u'is', u'liker', u'auto', u'facebook', u'new', u'posted', u'photo', u'facebook', u'rt', u'|', u'auto', u'liker', u'get', u'+', u'rt', u'-', u'@youtube', u'|', u'video', u'liked', u'is', u'liker', u'auto', u'new', u'video', u'@youtube', u'-', u'liked', u'apple', u'read', u'playlist', u'added', u'full', u'price', u'is', u'\u2026', u'rt', u'-', u'now', u'here', u'are', u'|', u'get', u'just', u'\u2026', u'is', u'@youtube', u'music', u'akila', u'https://t.co/xj4ghyaj7u', u'#share', u'eye', u'give', u'time,', u'&amp;', u'apple', u'new', u'get', u'facebook', u'are', u'fb', u'free', u'is', u'rt', u'apple', u'&amp;', u'new', u'-', u'facebook', u'\U0001f4f1', u'http://t.co/d2vcocotqt', u'@appieofficiel:', u'http://t.co\u2026', u'pay', u'are', u'new', u'fb', u'follow', u'#fav', u'facebook', u'goodmorning', u'=', u'\u26d4', u'\u2b50', u'new', u'apple', u'facebook', u'are', u'&amp;', u'video', u'@youtube', u'check', u'full', u'read', u'are', u'fb', u'follow', u'=', u'\u26d4', u'\u2b50', u'\U0001f501', u'unfollow', u'\U0001f60d', u'\U0001f640', u'new', u'http://t.co\u2026', u'read', u'full', u'say', u'posted', u'pay', u'offer', u'female', u'price', u'read', u'full', u'price', u'ebay:', u'\U0001f4f1', u'http://t.co/d2vcocotqt', u'@appieofficiel:', u'apple', u'usd', u'bids)', u'love', u'just', u'check', u'new', u'youtube', u'thanks', u'follow', u'videos', u'make', u'channel', u'#applewatch', u'ebola', u'launch', u'#appleiwatch', u'vice', u'the\u2026', u'jony', u'design,', u'ive,', u'said', u'ebola', u'fight', u'make', u'love', u'check', u'thanks', u'out,', u'similar', u'hey\U0001f60b', u'https://t.co/mhl0xdezfs', u'ebola', u'just', u'youtube', u'make', u'@youtube', u'video', u'fight', u'love', u'get', u'can', u'been', u'many', u'following', u'larger', u'planning', u""we've"", u'many,', u'rumors', u'#ipadpro', u'version\u2026', u'will', u'great', u'way', u'android', u'version', u'gmail', u'#email', u'#gmailforandroid', u'#allaboutgoogle', u'slated']","[u'rt', u'usd', u'-', u'7', u'halloween', u'make', u'way', u'new', u'is', u'official', u'@youtube', u'video', u'-', u'liked', u'rt', u'playlist', u'added', u'part', u'watch', u'2', u'rt', u'\u2026', u'happy', u'female', u'body', u""that's"", u'birthday', u'watching', u'is', u'htt\u2026', u'rt', u'pay', u'-', u'what?', u'@kudunews:', u'eggs!', u'#celebrities', u'#kudunews', u'#gossip', u'prime', u'new', u'facebook', u'posted', u'photo', u'photos', u'album', u'page', u'rt', u'likes', u'post', u'is', u'say', u'rt', u'-', u'offer', u'download', u'employees', u'website', u'google', u'are', u'rt', u'google', u'bids)', u'.', u'&lt;3', u'read', u'full', u'thank', u'says', u'end', u'|', u'get', u'rt', u'+', u'&amp;', u'free', u'amazon', u'wrap', u'game', u'gift', u'rt', u'!!', u'ebay', u'-', u'john', u'comes', u'immune', u'local', u'january', u'death', u'rt', u'is', u'am', u'are', u'very', u'was', u'things', u'apple', u'#a1_a2', u'-']",1.4849242404917498,1.0
2014-11-02 08:00:00,161010,"[u'-', u'new', u'@youtube', u'facebook', u'posted', u'photo', u'video', u'liked', u'is', u'apple', u'facebook', u'new', u'-', u'posted', u'photo', u'@youtube', u'video', u'liked', u'apple', u'is', u'@youtube', u'video', u'liked', u'-', u'is', u'apple', u'|', u'playlist', u'added', u'read', u'is', u'-', u'apple', u'here', u'are', u'video', u'\u2026', u'@youtube', u'google', u'can', u'buy', u'song', u'please', u'last', u'help', u'most', u'can', u'charts', u'climb', u'night', u'apple', u'-', u'read', u'full', u'price', u'ebay:', u'is', u'new', u'usd', u'ipad', u'new', u'facebook', u'check', u'posted', u'@youtube', u'video', u'apple', u'will', u'photo', u'are', u'are', u'\u2026', u'facebook', u'new', u'is', u'will', u'get', u'ebola', u'just', u'has', u'\u2026', u'are', u'ebola', u'get', u'video', u'|', u'check', u'follow', u'read', u'#fav', u'are', u'will', u'@youtube', u'\u2026', u'video', u'|', u'facebook', u'has', u'amazon', u'free', u'|', u'video', u'@youtube', u'free', u'#youtube', u'#news', u'#pics', u'#pussy', u'get', u'liked', u'has', u'|', u'@youtube', u'will', u'video', u'revealed', u'free', u'#youtube', u'#news', u'full', u'will', u'has', u'@youtube', u'amazon', u'video', u'#facebook', u'revealed', u'/', u'sure', u""we're"", u'google', u'|', u'will', u'check', u'can', u'just', u'are', u'fb', u'follow', u'youtube', u'10', u'#mac', u'runs', u'desktop', u'multiple', u'systems', u'operating', u'parallels', u'#moreos', u'simultaneously', u'google', u'nexus', u'6', u'#google', u'#nexus6', u'different', u'launch', u'taking', u'tack', u'#androiddevice', u'xbox', u'#allaboutgoogle', u'now', u'first', u'10', u'says', u'read', u'full', u""microsoft's"", u'leader', u'the\u2026', u'xbox', u'now', u'says', u'#xbox', u'leader', u""microsoft's"", u'#pcgaming', u'spencer,', u'division,', u'#fb', u'taken', u'government', u'cases', u'prosecutors', u'#facebookwarrants', u'$18m', u'civil', u'york', u'using\u2026', u'share', u'been', u'guys', u'wish', u'suggestions', u'valuable', u'#breakup', u'https://t.co/kcu\u2026', u'@abulmia420:', u'#girlfriends']","[u'added', u'playlist', u'here!', u'fb', u'follow', u'ipod', u'miss', u'@', u'\U0001f608\U0001f525no', u'\U0001f6b6\U0001f44c', u'are', u'is', u'great', u'people', u'know', u'just', u'was', u'need', u'big', u'today', u'make', u'very', u'isn\u2019t', u'are', u'sure', u'-', u'mentions?', u'#demolitionlaunchparty', u'#ebola', u'must', u'new', u'facebook', u'posted', u'photo', u'photos', u'album', u'post', u'subscribers', u'#savedallas', u'followers', u'@youtube', u'video', u'-', u'liked', u'|', u'youtube', u'2', u':', u'episode', u'part', u'\u2026', u'fb', u'page', u'will', u'is', u'more', u'check', u'!', u'parents', u'can', u'apple', u'ebola', u'-', u'is', u'\U0001f4f1', u'http://t.co/d2vcocotqt', u'@appieofficiel:', u'=', u'\U0001f602', u'jony', u'-', u'apple', u'read', u'full', u'iphone', u'black', u'#news', u'#youtube', u'#pussy', u'#pics', u'goodmorning', u'youtube', u'climb', u'-', u'?', u'microsoft', u'watch', u'fb', u'will', u'coming', u'buy', u""don't"", u'has', u'forget', u'charts', u'amazon', u'check', u'been', u'stop', u'out!']",1.131370849898476,0.2
2014-11-02 08:00:00,161010,"[u'new', u'facebook', u'posted', u'photo', u'video', u'is', u'@youtube', u'photos', u'album', u'liked', u'@youtube', u'video', u'liked', u'is', u'|', u'playlist', u'added', u'photo', u'facebook', u'posted', u'is', u'apple', u'here', u'google', u'are', u'@youtube', u'\u2026', u'video', u'liked', u'posted', u'apple', u'is', u'buy', u'song', u'please', u'last', u'night', u'help', u'most', u'can', u'apple', u'song', u'buy', u'please', u'last', u'help', u'is', u'charts', u'climb', u'can', u'\u2026', u'new', u'facebook', u'@youtube', u'are', u'video', u'is', u'will', u'posted', u'check', u'new', u'facebook', u'\u2026', u'posted', u'check', u'@youtube', u'will', u'photo', u'apple', u'video', u'are', u'will', u'\u2026', u'facebook', u'has', u'is', u'just', u'new', u'get', u'ebola', u'will', u'are', u'has', u'facebook', u'@youtube', u'video', u'amazon', u'google', u'read', u'get', u'full', u'read', u'price', u'has', u'ebay:', u'usd', u'google', u'black', u'bids)', u'will', u'video', u'@youtube', u'|', u'free', u'liked', u'get', u'are', u'#news', u'#youtube', u'#pics', u'has', u'|', u'@youtube', u'video', u'#youtube', u'#news', u'follow', u'free', u'#pussy', u'#pics', u'fb', u'follow', u'will', u'|', u'@youtube', u'has', u'#youtube', u'#news', u'#pics', u'#pussy', u'will', u'fb', u'has', u'follow', u'@youtube', u'google', u'video', u'are', u'=', u'check', u'google', u'get', u'fb', u'now', u'follow', u'has', u'|', u'just', u'amazon', u'full', u'|', u'google', u'get', u'ebola', u'just', u'can', u'youtube', u'love', u'will', u'was', u'|', u'youtube', u'#news', u'#youtube', u'free', u'#pics', u'#pussy', u'google', u'just', u'love', u'ebola', u'get', u'love', u'amazon', u'youtube', u'check', u'just', u'|', u'#youtube', u'#news', u'ebola', u'get', u'love', u'youtube', u'google', u'check', u'was', u'amazon', u'gift', u'#news', u'can', u'now', u'love', u'amazon', u'youtube', u""i'm"", u'get', u'2', u'the\u2026', u'says', u'love', u'youtube', u'now', u'ebola', u'check', u'can', u'was', u'xbox', u'see', u'apple', u'youtube', u'can', u'now', u'was', u'check', u'watch', u'buy', u'the\u2026', u'xbox', u'says', u'just', u'youtube', u'ebola', u'love', u'check', u'was', u'get', u'fb', u'see', u'please', u'can', u'check', u'facebook', u'youtube', u'get', u'photo', u'has', u'2', u'page', u'amazon', u'10', u'#mac', u'runs', u'desktop', u'systems', u'multiple', u'operating', u'parallels', u'#moreos', u'simultaneously', u'check', u'get', u'2', u'youtube', u'amazon', u'love', u'here', u'see', u'make', u'was', u'2', u'was', u'amazon', u'just', u'make', u'youtube', u'love', u'see', u'ebola', u'/', u'was', u'2', u'just', u'love', u'can', u'amazon', u'make', u'ebola', u'youtube', u'help', u'liked', u'added', u'playlist', u'video', u'youtube', u'check', u'2', u'#fb', u'#facebook', u'york', u'share', u'been', u'guys', u'wish', u'suggestions', u'valuable', u'https://t.co/kcu\u2026', u'@abulmia420:', u'#breakup', u'#girlfriends', u'here', u'#allaboutgoogle', u'been', u'first', u'future', u'glass', u'share', u'\U0001f4f1', u'http://t.co/d2vcocotqt', u'@appieofficiel:', u'first', u'#allaboutgoogle', u'health', u'android', u""google's"", u'platform,', u'debuted', u'#googlefit', u'wear', u'watches', u'here', u'check', u'can', u'has', u'love', u'future', u'#fb', u'cases', u'glass', u'government', u'please', u'@reecebibby', u'can', u'was', u'buy', u'fb', u'song', u'@stereokicks', u""don't"", u'help', u'good', u'morning', u'get', u'added', u'playlist', u'free', u'amazon', u'will', u'gift', u'2', u'check', u'see', u'please', u'love', u'watch', u'was', u""it's"", u'2', u'new', u'follow', u""it's"", u'good', u'morning', u'end', u'get', u'amazon', u'day', u':)', u'microsoft', u'added', u'end', u'#nowplaying', u'jalen', u'@jalenmcmillan', u'mcmillan', u'#welovejalenmcmillan', u'check', u""it's"", u'#jmuntiltheend', u'love', u'see', u'end', u'2', u'love', u'#nowplaying', u'@jalenmcmillan', u'mcmillan', u'jalen', u'was', u'make', u'please', u'watch', u'was', u'see', u'most', u'love', u'fb', u'follow', u'check', u'.', u'6', u'#google', u'taking', u'launch', u'different', u'tack', u'#nexus6', u'#androiddevice', u'smartphone:\u2026', u'nexus', u'will', u'/', u'sure', u'get', u'now', u""we're"", u'thrilled', u'lenovo', u'entirely', u'#motorola', u'now', u'make', u'2', u'more', u""i'm"", u'the\u2026', u'#applewatch', u'#appleiwatch', u'see', u'watch', u'now', u':', u'good', u'watch', u'#applewatch', u'#appleiwatch', u""i'm"", u'morning', u""it's"", u'can', u'.', u'watch', u'fb', u'was', u'now', u'please', u'follow', u'!', u'2', u':', u'.', u'more', u""i'm"", u'good', u'fb', u'2014', u""don't"", u'morning', u':', u'black', u'.', u'ipad', u'early', u'announce', u'huge', u'expected', u'#ipadpro', u'2015,', u'#appleipad', u'#iphone6plus', u'.', u""i'm"", u""don't"", u'night', u':', u""it's"", u'days', u'make', u'google', u'forget', u""it's"", u'.', u'google', u'more', u':', u'watch', u""world's"", u'world,', u'#appleworld', u'followed', u':', u'profile', u'followers', u'subscribers', u'$10', u'@sellinglikes:', u'30,000', u'http://t.co/lpchyaidrg', u'http://t.co/zrfvghn7vo', u'social']","[u'new', u'facebook', u'posted', u'photo', u'photos', u'album', u'designing', u'george', u'\U0001f497', u'mom:', u'fb', u'available', u'looking', u'to...', u'goodmorning', u'sale', u'great', u'""the', u'send', u'hit', u'youtube', u'xbox', u'funny', u'episode', u'(', u'url', u'4th', u'buffering.', u'http://t.co/hx3cr3kxoi', u'@fascinatingvids:', u'here', u'is', u""i'm"", u'twitter', u'life', u'awesome', u'family', u'real', u'special', u'ready', u'been', u'share', u'would', u'guys', u'youtube!', u'just', u'gay', u'wish', u'released', u'@marc_williams93', u'check', u'music', u'climb', u'.', u'out!', u'http\u2026', u'http://t\u2026', u'already', u'""', u""haven't"", u'buy', u'@reecebibby', u'watch', u'#everyonevoteforstereokicks', u'@stereokicks', u'night!', u'@charliejones', u'http:/\u2026', u'#everyoneonevoteforstereokicks', u'2x', u'charts', u'member', u'vs', u'ft.', u'15', u'\u2014', u'online', u'football', u'@youtube', u'left', u'vote', u'glass', u'revealed', u'are', u'\U0001f495\U0001f48e', u'\U0001f496', u'#fav', u'\U0001f495\U0001f48e\U0001f451no', u'#retweeet', u'fb=', u'free', u'#news', u'#youtube', u'#pussy', u'#pics', u'hot', u'xnxx:', u'sexy', u'kids', u'gets']",4.382693235899588,1.7
2014-11-02 08:00:00,161010,"[u'new', u'facebook', u'posted', u'photo', u'video', u'is', u'@youtube', u'photos', u'album', u'liked', u'@youtube', u'video', u'liked', u'is', u'playlist', u'added', u'photo', u'facebook', u'posted', u'advanced', u'is', u'apple', u'here', u'google', u'are', u'@youtube', u'\u2026', u'video', u'liked', u'posted', u'apple', u'is', u'buy', u'song', u'please', u'last', u'night', u'help', u'most', u'can', u'apple', u'buy', u'song', u'please', u'last', u'help', u'is', u'charts', u'climb', u'can', u'\u2026', u'new', u'facebook', u'@youtube', u'are', u'video', u'is', u'will', u'buy', u'music', u'new', u'facebook', u'\u2026', u'posted', u'check', u'@youtube', u'will', u'photo', u'apple', u'video', u'are', u'will', u'facebook', u'\u2026', u'has', u'is', u'just', u'new', u'get', u'ebola', u'will', u'are', u'has', u'facebook', u'@youtube', u'video', u'google', u'amazon', u'read', u'full', u'full', u'read', u'price', u'has', u'ebay:', u'usd', u'black', u'google', u'will', u'are', u'@youtube', u'video', u'has', u'liked', u'are', u'get', u'google', u'new', u'free', u'ebola', u'has', u'follow', u'fb', u'love', u'are', u'=', u'get', u'free', u'revealed', u'#youtube', u'#youtube', u'#news', u'free', u'#pics', u'#pussy', u'will', u'fb', u'@youtube', u'follow', u'get', u'will', u'has', u'fb', u'@youtube', u'follow', u'video', u'google', u'=', u'apple', u'liked', u'google', u'#youtube', u'#news', u'#pics', u'#pussy', u'fb', u'now', u'has', u'get', u'just', u'google', u'ebola', u'youtube', u'just', u'love', u'can', u'was', u'get', u'will', u'are', u'get', u'ebola', u'love', u'youtube', u'amazon', u'just', u'check', u'now', u'gift', u'liked', u'ebola', u'get', u'youtube', u'love', u'check', u'was', u'google', u'amazon', u'gift', u'free', u'can', u'now', u'amazon', u'love', u'get', u""i'm"", u'check', u'youtube', u'2', u'gift', u'love', u'youtube', u'now', u'ebola', u'check', u'was', u'see', u'xbox', u'can', u'apple', u'youtube', u'can', u'now', u'was', u'check', u'just', u'watch', u'buy', u'the\u2026', u'xbox', u'just', u'check', u'ebola', u'was', u'love', u'youtube', u'fb', u'please', u'see', u'get', u'2', u'make', u'get', u'facebook', u'see', u'can', u'photo', u'check', u'has', u'just', u'2', u'10', u'#mac', u'runs', u'desktop', u'systems', u'multiple', u'operating', u'#moreos', u'parallels', u'check', u'youtube', u'can', u'love', u'2', u'was', u'10', u'#mac', u'desktop', u'runs', u'was', u'just', u'can', u'ebola', u'please', u'here', u'love', u'youtube', u'buy', u'watch', u'amazon', u'2', u'get', u'check', u'was', u'make', u'here', u'liked', u'can', u""we're"", u'liked', u'added', u'playlist', u'video', u'youtube', u'check', u'2', u'#facebook', u'will', u'#fb', u'get', u'share', u'amazon', u'please', u'been', u'guys', u'wish', u'suggestions', u'valuable', u'#girlfriends', u'here', u'been', u'share', u'guys', u'future', u'wish', u'glass', u'suggestions', u'valuable', u'https://t.co/kcu\u2026', u'first', u'#allaboutgoogle', u'health', u'android', u""google's"", u'platform,', u'debuted', u'wear', u'#googlefit', u'watches', u'check', u'here', u'has', u'#fb', u'cases', u'york', u'government', u'taken', u'prosecutors', u'#facebookwarrants', u'please', u'@reecebibby', u'was', u'can', u'buy', u'song', u'@stereokicks', u'fb', u'help', u'love', u'good', u'2', u'morning', u'love', u'see', u'please', u""it's"", u'get', u'day', u'#fb', u'check', u'good', u'see', u""it's"", u'was', u'watch', u'morning', u'please', u'love', u'fb', u""it's"", u'get', u'will', u'good', u'added', u'playlist', u'microsoft', u'support', u'amazon', u'(high', u'end', u'#nowplaying', u'@jalenmcmillan', u'jalen', u'mcmillan', u'#welovejalenmcmillan', u'check', u'new', u'photo', u'posted', u'end', u'#nowplaying', u'see', u'@jalenmcmillan', u'jalen', u'mcmillan', u'2', u'make', u'love', u'#welovejalenmcmillan', u'watch', u'please', u'see', u'was', u'2', u'most', u'love', u'more', u'make', u'last', u'6', u'#google', u'taking', u'different', u'launch', u'#nexus6', u'tack', u'#androiddevice', u'smartphone:\u2026', u'good', u'make', u'more', u'2', u'now', u""i'm"", u'fb', u'please', u'the\u2026', u'#applewatch', u'#appleiwatch', u'now', u'will', u'free', u'sure', u'make', u""i'm"", u""we're"", u'thrilled', u'lenovo', u'entirely', u""it's"", u'watch', u'good', u':', u'morning', u'#applewatch', u'#appleiwatch', u'can', u':)', u""don't"", u'now', u'get', u""i'm"", u""don't"", u'night', u'forget', u'https://t.co/ic21oej2p1', u'importantl\u2026', u'@charliejones:', u'free', u'fb', u':', u'good', u""don't"", u'can', u'more', u'now', u'follow', u'night', u'forget', u""it's"", u'more', u'good', u'fb', u'now', u':', u'morning', u'time', u'@reecebibby', u'google', u':', u'ipad', u'early', u'announce', u'huge', u'expected', u'#ipadpro', u'2015,', u'#iphone6plus', u'#appleipad', u'watch', u'was', u'more', u'days', u'please', u'wait', u'years', u'can', u'check', u'three', u':', u""it's"", u'google', u""world's"", u'#appleworld', u'followed', u'world,', u'employer', u'sought', u'and\u2026', u'profile', u'social', u'followers', u""i'm"", u'subscribers', u'$10', u'@sellinglikes:', u'30,000', u'http://t.co/zrfvghn7vo', u'http://t.co/lpchyaidrg']","[u'thanks', u'check', u'?', u'take', u'much', u'out!', u'is', u'work', u'house', u'please', u'says', u'w/', u'http://t\u2026', u'change', u'are', u'ebola', u'http://\u2026', u'send', u'takes', u'google', u'got', u'is', u'http:\u2026', u'google', u'red', u'early', u'sale', u'#google', u'used', u'gonna', u'10', u'best', u'generation', u'kids', u'online', u'series', u'baby', u'blessed', u'1st', u'pretty', u'apple', u'\U0001f4f1', u'http://t.co/d2vcocotqt', u'@appieofficiel:', u'read', u'full', u'charts', u'price', u'app', u'cover', u'official', u'part', u'trailer', u""let's"", u'review', u'name', u'watch', u'gay', u'2', u'release', u'designing', u'iphone', u'6', u'5', u'city', u'vs', u'oh', u'united', u'deals', u'manchester', u'buy', u'watch', u'isn\u2019t', u'vote', u'was', u'#everyonevoteforstereokicks', u'also', u'@reecebibby', u'http:/\u2026', u'live', u'has', u'fact', u""can't"", u'girl', u'wait', u'again', u'new', u'see', u'band', u'road', u'open', u'#share', u'n', u'service', u'black', u'to...', u'are', u'starting', u'less', u'will']",5.321841786449499,0.8
2014-11-02 08:00:00,161010,"[u'new', u'facebook', u'posted', u'photo', u'video', u'is', u'@youtube', u'photos', u'album', u'liked', u'@youtube', u'video', u'liked', u'is', u'playlist', u'added', u'photo', u'facebook', u'posted', u'advanced', u'is', u'apple', u'here', u'google', u'are', u'@youtube', u'\u2026', u'video', u'liked', u'posted', u'apple', u'song', u'buy', u'is', u'please', u'last', u'help', u'night', u'most', u'can', u'apple', u'song', u'buy', u'please', u'last', u'is', u'help', u'full', u'read', u'charts', u'\u2026', u'new', u'are', u'facebook', u'@youtube', u'video', u'is', u'will', u'music', u'check', u'new', u'facebook', u'\u2026', u'posted', u'check', u'@youtube', u'will', u'photo', u'apple', u'has', u'are', u'will', u'facebook', u'\u2026', u'has', u'is', u'just', u'new', u'get', u'ebola', u'will', u'are', u'read', u'full', u'price', u'ebay:', u'google', u'facebook', u'apple', u'usd', u'has', u'will', u'are', u'full', u'read', u'price', u'ebay:', u'usd', u'black', u'video', u'@youtube', u'video', u'has', u'liked', u'are', u'new', u'google', u'get', u'ebola', u'free', u'has', u'follow', u'fb', u'are', u'love', u'get', u'=', u'free', u'revealed', u'amazon', u'#youtube', u'free', u'#news', u'#pics', u'#pussy', u'fb', u'will', u'follow', u'get', u'@youtube', u'will', u'has', u'fb', u'@youtube', u'video', u'follow', u'=', u'liked', u'check', u'are', u'google', u'#youtube', u'#news', u'#pics', u'#pussy', u'free', u'now', u'fb', u'just', u'can', u'google', u'youtube', u'just', u'ebola', u'can', u'love', u'was', u'get', u'now', u'will', u'get', u'love', u'ebola', u'youtube', u'amazon', u'now', u'just', u'check', u'here', u'google', u'ebola', u'can', u'check', u'now', u'love', u'was', u'here', u""don't"", u'facebook', u'photo', u'ebola', u'can', u'get', u'amazon', u'youtube', u'now', u'gift', u'#news', u'#youtube', u'2', u'love', u'now', u'youtube', u'ebola', u'can', u'check', u'xbox', u'see', u'the\u2026', u'here', u'youtube', u'now', u'can', u'was', u'love', u'watch', u'buy', u'see', u'the\u2026', u'check', u'just', u'ebola', u'check', u'youtube', u'was', u'please', u'here', u'fb', u'see', u'get', u'check', u'youtube', u""don't"", u'facebook', u'can', u'2', u'has', u'photo', u'just', u'page', u'love', u'2', u'get', u'here', u'check', u'amazon', u'please', u'youtube', u'just', u'make', u'2', u'was', u'just', u'make', u'youtube', u'see', u'love', u'amazon', u'please', u'here', u'was', u'amazon', u'just', u'2', u'can', u'love', u'get', u'check', u'ebola', u'youtube', u'10', u'#mac', u'desktop', u'runs', u'multiple', u'systems', u'operating', u'parallels', u'#moreos', u'simultaneously', u'was', u'here', u'get', u'please', u'check', u'amazon', u'future', u'can', u'glass', u'\U0001f4f1', u'liked', u'added', u'playlist', u'check', u'youtube', u'video', u'please', u'been', u'microsoft', u'2', u'can', u'please', u'first', u'@reecebibby', u'was', u'share', u'here', u""don't"", u'buy', u'liked', u'first', u'#allaboutgoogle', u'android', u'health', u""google's"", u'wear', u'debuted', u'platform,', u'#googlefit', u'watches', u'liked', u'added', u'playlist', u'been', u'amazon', u'share', u'first', u'get', u'guys', u'wish', u'share', u'check', u'been', u'guys', u'wish', u'suggestions', u'valuable', u'https://t.co/kcu\u2026', u'@abulmia420:', u'#breakup', u'good', u""it's"", u'morning', u'2', u'day', u'check', u'love', u'just', u""i'm"", u'fb', u'see', u'love', u'2', u'fb', u'follow', u'was', u'page', u'night', u':', u'check', u""it's"", u'added', u'playlist', u'will', u'please', u'get', u'was', u'photo', u'check', u':)', u""don't"", u'#fb', u'see', u'cases', u'taken', u'government', u'prosecutors', u'#facebookwarrants', u'$18m', u'civil', u'watch', u'please', u'was', u'most', u'see', u'end', u'@reecebibby', u'follow', u'youtube', u'get', u'end', u'#nowplaying', u'mcmillan', u'@jalenmcmillan', u'jalen', u'#welovejalenmcmillan', u'good', u""don't"", u'#jmuntiltheend', u'see', u'make', u""don't"", u'good', u'2', u'day', u'check', u'free', u'night', u'watch', u'2014', u'2', u'fb', u'make', u""i'm"", u'now', u'follow', u'get', u'more', u'please', u'see', u""it's"", u""don't"", u'check', u'fb', u'more', u'#fav', u'now', u'\U0001f496', u'#retweeet', u'\U0001f495\U0001f48e', u'6', u""i'm"", u'photo', u'make', u'2', u'photos', u'google', u'taking', u'#google', u'free', u'good', u'fb', u""don't"", u'can', u""i'm"", u'morning', u'now', u':', u'watch', u'#fav', u""i'm"", u'free', u'get', u'watch', u':', u'photo', u'page', u""it's"", u'photos', u'good', u':', u'good', u'watch', u'please', u'was', u""i'm"", u'2014', u'see', u'free', u'now', u'good', u'watch', u""i'm"", u'more', u'was', u':', u'morning', u""it's"", u'now', u""don't"", u""it's"", u'watch', u':', u'2', u'please', u'google', u'make', u'6', u'more', u'@reecebibby', u':', u'follow', u'fb', u'free', u'photos', u'see', u'photo', u'album', u'good', u'day', u'more', u'2014', u':', u""it's"", u'fb', u'follow', u'see', u'november', u'best', u'get', u""i'm"", u'2014', u'free', u'more', u'now', u'best', u'amazon', u'page', u':', u'see', u""i'm"", u'now', u'make', u'see', u'free', u""it's"", u'day', u'xbox', u'the\u2026', u'will', u'more', u'good', u'2014', u'follow', u'best', u'now', u'make', u':)', u'see', u'amazon', u'more', u""i'm"", u'make', u'best', u'day', u'now', u':', u'free', u'#applewatch', u'#appleiwatch', u'day', u'good', u'2014', u'best', u'top', u':)', u""i'm"", u'see', u'make', u'now', u'top', u'ipad', u'2014', u'early', u'announce', u""it's"", u'huge', u'expected', u'2015,', u'report\u2026', u'top', u'2014', u'november', u'3', u':)', u'best', u'day', u'5', u'free', u'search', u'photos', u'album', u'followers', u'profile', u'subscribers', u'$10', u'30,000', u'@sellinglikes:', u'http://t.co/zrfvghn7vo', u'http://t.co/lpchyaidrg', u'top', u'free', u'amazon', u""it's"", u'sure', u':)', u'time', u""we're"", u'entirely', u'lenovo', u':)', u'watch', u""it's"", u'buy', u'wait', u'top', u'iphone', u'sunday', u'early', u'fb', u'sunday', u'help', u'prime', u'minister', u'pm', u':)', u'radio', u'modi', u'address', u'narendra', u'time', u'music', u'1', u'2014', u'has', u'watch', u'day', u""it's"", u'3', u'people', u':)', u'time', u'google', u'free', u'amazon', u'best', u'sunday', u'today', u'2014', u'prime', u'music', u'iphone', u'best', u'today', u'5', u'top', u'time', u'song', u'free', u'2014', u'music', u':)', u""it's"", u'best', u'today', u'time', u'1', u'2014', u'3', u""don't"", u'time', u'very', u'#smartwatch', u'iota', u'doubt', u'fact', u'isn\u2019t', u'the\u2026', u'#applewatch', u'#appleiwatch', u'time', u'music', u""don't"", u'watch', u'buy', u'night!', u'here', u'night', u'has', u'https://t.co/ic21oej2p1', u'best', u'music', u'2014', u'has', u'iphone', u'november', u':)', u'black', u'song', u'revealed', u'best', u'time', u'has', u'2014', u'revealed', u'very', u'november', u'fact', u'#smartwatch', u'iota', u'people', u'5', u'time', u'iphone', u'1', u'song', u'top', u'watch', u':)', u'see', u'1', u'3', u'music', u':)', u'today', u'has', u'top', u'black', u'first', u'4', u'black', u'microsoft', u'console', u'music', u'first', u'360', u'xbox', u'gb', u'time', u'5', u'watch', u'1', u'song', u'people', u'please', u'last', u""don't"", u'page', u'buy', u'views', u""can't"", u'people', u':)', u'1', u""it's"", u'today', u'photos', u'song', u'album', u'please', u'views', u'$15', u'2500', u'http://t.co/mjozywrfzk', u'http://t.co/soxaysxzf7', u'@16kfollowers:', u'youtube', u'watch', u'first', u'song', u""can't"", u'today', u'tim', u'1', u'5', u'coming', u'come', u'""i', u'beach', u'@mark_beech:', u'tim', u'coming', u""can't"", u'#timcook', u'cook', u'people', u'chief', u""'this"", u""resonate'"", u""cook's"", u'today', u""can't"", u'first', u'see', u'tim', u'coming', u'@worldwideelfs:', u'link', u'school', u'sj', u'school', u'passed', u'parents.', u'""respect', u'google.""', u'@imlolabashang:', u'today', u'tim', u'see', u'5', u'first', u'today', u'here', u'people', u'happy', u'360', u'school', u'best', u'@worldwideelfs:', u'passed']","[u'future', u'download', u'n', u'#share', u'vs.', u'&gt;', u'#music', u'views', u'//', u'is', u':', u'...', u'cover', u'apple', u'iphone', u'case', u'deals', u'phone', u'service', u'eyes', u'boys', u'available', u'sun', u'http://t.co\u2026', u'are', u'hd', u'night', u'jump', u'group', u'android', u'check', u'#appleiwatch', u'#applewatch', u'watch\u2026', u'link', u'iota', u'today.', u'..', u'@luhanqt:', u'ive,', u'black', u'read', u'full', u'apple', u'price', u'smartphone', u'ebay:', u'family,', u'usd', u'16gb', u""don't"", u'forget', u'need', u'thank', u'much', u'made', u""i'll"", u'using', u'5', u'fun', u'please', u'can', u'pics', u'news', u'ht\u2026', u'anyone?', u""i've"", u'tickets', u'release', u'latest', u'#news', u'#youtube', u'#pussy', u'#pics', u'are', u'\U0001f495\U0001f48e', u'#retweeet', u'#fav', u'goodmorning', u'\U0001f495\U0001f48e\U0001f451no', u'more', u'big', u'are', u'click', u'time,', u'review', u'see', u'today!', u'pm', u'of...', u'here', u'is', u'photos', u'album', u'\U0001f602', u'twitter', u'https://t.co/244rvsycwu', u'family', u'@melissasendoval:', u'makes']",6.3286056916196,0.7
